First Name,Last Name,Year,Month,Day
Narine,Hovhannisyan,1982,08,15
Susanna,Sandoyan,2002,08,01
Aram,Petrosyan,1995,03,22
Narine,Grigoryan,1988,11,30
Karen,Sargsyan,1990,05,10
Lusine,Karapetyan,1997,07,19
Hayk,Markaryan,1994,02,25
Anna,Stepanyan,2000,06,12
Vahram,Avetisyan,1986,09,03
Tigran,Yengibaryan,1999,01,09
Tatevik,Simonyan,1992,04,20
Arsen,Bakoyan,1991,12,01
Vardan,Chobanyan,1994,10,17
Mariam,Petrosyan,1998,09,22
Georgi,Harutyunyan,1996,05,08
Rita,Mikayelyan,1993,06,05
Hovhannes,Minasyan,1985,07,14
Mher,Shahinyan,1999,02,28
Viktoria,Kocharyan,2001,11,25
Gohar,Avagian,1989,03,10
Garegin,Babayan,1994,04,17
Sona,Khachatryan,1997,12,02
Sergey,Mkrtchyan,1990,06,21
Mikayel,Harutyunyan,1992,08,18
Liana,Arakelyan,1998,01,05
Vache,Tovmasyan,2000,07,28
Lilit,Stepanyan,1996,11,14
Karine,Aramyan,1993,09,09
Hrachya,Gabrielian,1995,10,12
Vahe,Davidyan,2002,02,17
Tigran,Karapetyan,2001,05,06
Lusine,Mirzoyan,1998,06,30
Aram,Arakelyan,1986,07,11
Shushanik,Karamyan,1997,03,25
Samvel,Sargsyan,2000,04,13
Ani,Petrosyan,1999,01,01
Tigran,Gasparyan,2002,11,04
Anna,Hakobyan,1994,05,22
Ashot,Kazaryan,1993,08,02
Tatev,Hakobyan,1987,10,14
Vardan,Kazaryan,2000,12,15
Aram,Avetisyan,1995,01,19
Armenuhi,Karapetyan,1989,02,26
Vahagn,Grigoryan,1994,04,02
Sona,Gevorgyan,2002,09,09
Narek,Petrosyan,1999,10,06
Mher,Kocharyan,2001,06,11
Lilit,Mikayelyan,1996,08,03
Tigran,Sargsyan,1998,11,19
Zaruhi,Markaryan,1997,07,23
Aram,Gabrielian,1990,01,27
Lusine,Avetisyan,2002,12,20
Mariam,Gevorgyan,1993,05,13
Areg,Harutyunyan,1994,11,21
Narine,Khachatryan,1986,08,09
Tigran,Gasparyan,1996,09,16
Tatev,Mirzoyan,1997,12,11
Sona,Karapetyan,1995,03,08
Arsen,Petrosyan,1990,04,25
Lilit,Hakobyan,2001,01,29
Ashot,Arakelyan,1998,10,05
Hovhannes,Kocharyan,1994,02,20
Mher,Petrosyan,1993,07,18
Georgi,Shahinyan,1987,06,22
Vardan,Gevorgyan,1996,10,30
Tatev,Bakoyan,1999,12,03
Hrachya,Avetisyan,1992,03,14
Rita,Karamyan,2002,07,01
Hayk,Stepanyan,1994,01,06
Armenuhi,Petrosyan,1995,06,23
Sergey,Arakelyan,1991,09,21

